Episode,Timesteps,Success,Feedback,Percentage_feedback,e,Buffer_size,Human_model,Tau
0,0,0,0,0.8,0.1,15002,True,4e-06
1,501,0,0,0.783999998432,0.1,15002,True,4e-06
6,3001,0,1593,0.813999998372,0.1,15002,True,4e-06
11,5501,0,3151,0.7859999984280001,0.1,15002,True,4e-06
16,8001,0,4696,0.773999998452,0.1,15002,True,4e-06
