Episode,Timesteps,Success,Feedback,Percentage_feedback,e,Buffer_size,Human_model,Tau
0,0,0,0,0.8,0.01,500,True,1e-05
1,60,0,45,0.7627118514794602,0.01,500,True,1e-05
6,381,0,81,0.6315789362880888,0.01,500,True,1e-05
11,712,0,118,0.5522387977277792,0.01,500,True,1e-05
