Episode,Timesteps,Success,Feedback,Percentage_feedback,e,Buffer_size,Human_model,Tau
0,0,0,0,0.8,0.1,15002,True,4e-06
1,501,0,0,0.821999998356,0.1,15002,True,4e-06
6,3001,0,1593,0.7859999984280001,0.1,15002,True,4e-06
11,5501,0,3185,0.807999998384,0.1,15002,True,4e-06
16,7992,0,4757,0.788187371103488,0.1,15002,True,4e-06
