Episode,Timesteps,Success,Feedback,Percentage_feedback,e,Buffer_size,Human_model,Tau,Human_model_lr,Policy_lr,Policy_batch_lr,Absolute_pos,Buffer_sampling_size
0,0,0,0,0.9,0.01,500,True,1e-07,0.001,0.001,0.001,True,20
1,48,0,0,0.7234042399275694,0.01,500,True,1e-07,0.001,0.001,0.001,True,20
6,331,0,180,0.7454545319008268,0.01,500,True,1e-07,0.001,0.001,0.001,True,20
11,727,1,392,0.31884057508926705,0.01,500,True,1e-07,0.001,0.001,0.001,True,20
16,1138,1,586,0.5909090819559231,0.01,500,True,1e-07,0.001,0.001,0.001,True,20
21,1399,1,673,0.35384614840236694,0.01,500,True,1e-07,0.001,0.001,0.001,True,20
26,1696,1,793,0.47058822606689754,0.01,500,True,1e-07,0.001,0.001,0.001,True,20
31,2108,1,955,0.29999999400000016,0.01,500,True,1e-07,0.001,0.001,0.001,True,20
36,2444,0,1066,0.36363635537190103,0.01,500,True,1e-07,0.001,0.001,0.001,True,20
