Episode,Timesteps,Success,Feedback,Percentage_feedback,e,Buffer_size,Human_model,Tau,Human_model_lr,Policy_lr,Policy_batch_lr,Absolute_pos,Buffer_sampling_size
0,0,0,0,0.9,0.01,500,True,1e-07,0.001,0.001,0.001,True,20
1,52,1,0,0.8039215528642834,0.01,500,True,1e-07,0.001,0.001,0.001,True,20
6,421,0,246,0.5106382870076961,0.01,500,True,1e-07,0.001,0.001,0.001,True,20
11,692,0,372,0.6065573671056169,0.01,500,True,1e-07,0.001,0.001,0.001,True,20
16,1028,0,540,0.42592591803840896,0.01,500,True,1e-07,0.001,0.001,0.001,True,20
21,1348,1,645,0.6935483759105101,0.01,500,True,1e-07,0.001,0.001,0.001,True,20
26,1908,1,816,0.30645160796045795,0.01,500,True,1e-07,0.001,0.001,0.001,True,20
31,2260,1,900,0.4444444395061729,0.01,500,True,1e-07,0.001,0.001,0.001,True,20
