Episode,Timesteps,Success,Feedback,Percentage_feedback,e,Buffer_size,Human_model,Tau,Human_model_lr,Policy_lr,Policy_batch_lr,Absolute_pos,Buffer_sampling_size
0,0,0,0,0.9,0.1,500000,True,1e-07,0.001,0.001,0.001,True,20
1,501,0,0,0.901999998196,0.1,500000,True,1e-07,0.001,0.001,0.001,True,20
6,3001,0,1790,0.857999998284,0.1,500000,True,1e-07,0.001,0.001,0.001,True,20
11,5501,0,3424,0.827999998344,0.1,500000,True,1e-07,0.001,0.001,0.001,True,20
16,8001,0,5018,0.893999998212,0.1,500000,True,1e-07,0.001,0.001,0.001,True,20
21,10501,0,6414,0.46999999906,0.1,500000,True,1e-07,0.001,0.001,0.001,True,20
26,13001,0,7972,0.555999998888,0.1,500000,True,1e-07,0.001,0.001,0.001,True,20
31,15501,0,9086,0.327999999344,0.1,500000,True,1e-07,0.001,0.001,0.001,True,20
