Episode,Timesteps,Success,Feedback,Percentage_feedback,e,Buffer_size,Human_model,Tau,Human_model_lr,Policy_lr,Policy_batch_lr,Absolute_pos,Buffer_sampling_size
0,0,0,0,0.9,0.1,500000,True,1e-07,0.001,0.001,0.001,True,20
1,501,0,0,0.825999998348,0.1,500000,True,1e-07,0.001,0.001,0.001,True,20
6,3001,0,1582,0.71999999856,0.1,500000,True,1e-07,0.001,0.001,0.001,True,20
11,5501,0,3157,0.697999998604,0.1,500000,True,1e-07,0.001,0.001,0.001,True,20
16,8001,0,4479,0.621999998756,0.1,500000,True,1e-07,0.001,0.001,0.001,True,20
21,10501,0,5806,0.813999998372,0.1,500000,True,1e-07,0.001,0.001,0.001,True,20
26,13001,0,7139,0.625999998748,0.1,500000,True,1e-07,0.001,0.001,0.001,True,20
31,15501,0,8633,0.701999998596,0.1,500000,True,1e-07,0.001,0.001,0.001,True,20
