Episode,Timesteps,Success,Feedback,Percentage_feedback,e,Buffer_size,Human_model,Tau,Human_model_lr,Policy_lr,Policy_batch_lr,Absolute_pos,Buffer_sampling_size
0,0,0,0,0.9,0.01,500,True,1e-07,0.001,0.001,0.001,True,20
1,80,0,0,0.5949367013299152,0.01,500,True,1e-07,0.001,0.001,0.001,True,20
6,346,1,156,0.9433962086151659,0.01,500,True,1e-07,0.001,0.001,0.001,True,20
11,785,1,381,0.5192307592455624,0.01,500,True,1e-07,0.001,0.001,0.001,True,20
16,1063,0,459,0.3749999941406251,0.01,500,True,1e-07,0.001,0.001,0.001,True,20
21,1382,1,592,0.6304347689035921,0.01,500,True,1e-07,0.001,0.001,0.001,True,20
26,1661,1,694,0.6481481361454049,0.01,500,True,1e-07,0.001,0.001,0.001,True,20
31,1985,0,813,0.39726026853068125,0.01,500,True,1e-07,0.001,0.001,0.001,True,20
36,2297,0,936,0.3913043393194709,0.01,500,True,1e-07,0.001,0.001,0.001,True,20
